Females,Males,Total,Year,StateCode,StateName
414149,410078,824227,1990,1,Aguascalientes
424623,419539,844162,1991,1,Aguascalientes
434873,428824,863697,1992,1,Aguascalientes
445039,437956,882995,1993,1,Aguascalientes
455218,446910,902128,1994,1,Aguascalientes
465424,455624,921048,1995,1,Aguascalientes
475607,463900,939507,1996,1,Aguascalientes
485709,471734,957443,1997,1,Aguascalientes
495798,479142,974940,1998,1,Aguascalientes
505672,486186,991858,1999,1,Aguascalientes
514964,493483,1008447,2000,1,Aguascalientes
524255,501308,1025563,2001,1,Aguascalientes
534293,509490,1043783,2002,1,Aguascalientes
544515,517735,1062250,2003,1,Aguascalientes
554126,525688,1079814,2004,1,Aguascalientes
563313,533423,1096736,2005,1,Aguascalientes
572695,541404,1114099,2006,1,Aguascalientes
582613,550419,1133032,2007,1,Aguascalientes
593126,560885,1154011,2008,1,Aguascalientes
603633,572309,1175942,2009,1,Aguascalientes
613433,582355,1195787,2010,1,Aguascalientes
622770,592325,1215094,2011,1,Aguascalientes
632249,601671,1233921,2012,1,Aguascalientes
641585,610680,1252265,2013,1,Aguascalientes
650783,619392,1270174,2014,1,Aguascalientes
659837,627824,1287660,2015,1,Aguascalientes
668746,635998,1304744,2016,1,Aguascalientes
677513,643940,1321453,2017,1,Aguascalientes
686136,651657,1337792,2018,1,Aguascalientes
694607,659152,1353758,2019,1,Aguascalientes
702908,666398,1369306,2020,1,Aguascalientes
711063,673471,1384534,2021,1,Aguascalientes
719091,680439,1399529,2022,1,Aguascalientes
726972,687252,1414225,2023,1,Aguascalientes
734705,693912,1428617,2024,1,Aguascalientes
742280,700413,1442693,2025,1,Aguascalientes
749689,706745,1456433,2026,1,Aguascalientes
756922,712902,1469824,2027,1,Aguascalientes
763978,718883,1482861,2028,1,Aguascalientes
770853,724689,1495542,2029,1,Aguascalientes
777518,730290,1507807,2030,1,Aguascalientes
834312,898238,1732550,1990,2,Baja California
876112,939791,1815903,1991,2,Baja California
916516,979132,1895648,1992,2,Baja California
957583,1018688,1976271,1993,2,Baja California
999353,1058845,2058198,1994,2,Baja California
1041795,1099436,2141231,1995,2,Baja California
1084678,1139608,2224286,1996,2,Baja California
1127406,1179018,2306424,1997,2,Baja California
1169822,1217828,2387650,1998,2,Baja California
1212241,1256979,2469220,1999,2,Baja California
1253491,1296351,2549842,2000,2,Baja California
1293002,1334366,2627368,2001,2,Baja California
1331837,1370995,2702832,2002,2,Baja California
1369598,1406328,2775926,2003,2,Baja California
1405663,1440273,2845936,2004,2,Baja California
1440116,1472558,2912674,2005,2,Baja California
1473688,1503752,2977440,2006,2,Baja California
1506745,1535038,3041783,2007,2,Baja California
1539184,1566525,3105709,2008,2,Baja California
1570682,1597637,3168319,2009,2,Baja California
1599004,1625840,3224844,2010,2,Baja California
1625419,1649980,3275399,2011,2,Baja California
1653068,1675555,3328623,2012,2,Baja California
1680487,1700593,3381080,2013,2,Baja California
1707679,1725265,3432944,2014,2,Baja California
1734633,1749517,3484150,2015,2,Baja California
1761331,1773357,3534688,2016,2,Baja California
1787757,1796848,3584605,2017,2,Baja California
1813891,1819882,3633772,2018,2,Baja California
1839708,1842355,3682063,2019,2,Baja California
1865087,1864138,3729225,2020,2,Baja California
1890185,1885581,3775765,2021,2,Baja California
1915149,1907002,3822151,2022,2,Baja California
1939841,1928160,3868001,2023,2,Baja California
1964235,1949030,3913266,2024,2,Baja California
1988299,1969579,3957878,2025,2,Baja California
2011988,1989764,4001752,2026,2,Baja California
2035283,2009565,4044848,2027,2,Baja California
2058172,2028974,4087146,2028,2,Baja California
2080645,2047979,4128624,2029,2,Baja California
2102679,2066561,4169240,2030,2,Baja California
158748,180639,339387,1990,3,Baja California Sur
164611,186635,351246,1991,3,Baja California Sur
170616,192691,363307,1992,3,Baja California Sur
176747,198788,375535,1993,3,Baja California Sur
183001,204993,387994,1994,3,Baja California Sur
189393,211274,400667,1995,3,Baja California Sur
195955,217620,413575,1996,3,Baja California Sur
202661,223992,426653,1997,3,Baja California Sur
209473,230438,439911,1998,3,Baja California Sur
216371,236969,453340,1999,3,Baja California Sur
223130,243325,466455,2000,3,Baja California Sur
230224,249966,480190,2001,3,Baja California Sur
238130,257392,495522,2002,3,Baja California Sur
246536,265295,511831,2003,3,Baja California Sur
255422,273702,529124,2004,3,Baja California Sur
264539,282237,546776,2005,3,Baja California Sur
273985,291039,565024,2006,3,Baja California Sur
284080,300559,584639,2007,3,Baja California Sur
294682,310661,605343,2008,3,Baja California Sur
305663,321237,626900,2009,3,Baja California Sur
317191,332426,649616,2010,3,Baja California Sur
329024,343659,672682,2011,3,Baja California Sur
340655,354754,695409,2012,3,Baja California Sur
352332,365864,718196,2013,3,Baja California Sur
364051,376986,741037,2014,3,Baja California Sur
375809,388120,763929,2015,3,Baja California Sur
387601,399263,786864,2016,3,Baja California Sur
399422,410411,809833,2017,3,Baja California Sur
411267,421560,832827,2018,3,Baja California Sur
423129,432705,855834,2019,3,Baja California Sur
434999,443831,878830,2020,3,Baja California Sur
446873,454946,901819,2021,3,Baja California Sur
458751,466058,924809,2022,3,Baja California Sur
470624,477152,947775,2023,3,Baja California Sur
482483,488221,970704,2024,3,Baja California Sur
494320,499257,993577,2025,3,Baja California Sur
506125,510249,1016374,2026,3,Baja California Sur
517889,521188,1039077,2027,3,Baja California Sur
529605,532067,1061671,2028,3,Baja California Sur
541264,542879,1084142,2029,3,Baja California Sur
552856,553612,1106468,2030,3,Baja California Sur
273993,279113,553106,1990,4,Campeche
282248,286136,568384,1991,4,Campeche
290470,293460,583930,1992,4,Campeche
298589,300746,599335,1993,4,Campeche
306662,308032,614694,1994,4,Campeche
314638,315259,629897,1995,4,Campeche
322444,322374,644818,1996,4,Campeche
330084,329333,659417,1997,4,Campeche
337583,336089,673672,1998,4,Campeche
344825,342597,687422,1999,4,Campeche
351765,348943,700708,2000,4,Campeche
358687,355321,714008,2001,4,Campeche
365745,361801,727546,2002,4,Campeche
372828,368285,741113,2003,4,Campeche
379855,374767,754622,2004,4,Campeche
386856,381241,768097,2005,4,Campeche
393902,387718,781620,2006,4,Campeche
401062,394388,795450,2007,4,Campeche
408349,401287,809636,2008,4,Campeche
415707,408364,824071,2009,4,Campeche
423019,413729,836748,2010,4,Campeche
430183,422190,852373,2011,4,Campeche
437391,428985,866375,2012,4,Campeche
444574,435725,880299,2013,4,Campeche
451726,442410,894136,2014,4,Campeche
458840,449038,907878,2015,4,Campeche
465909,455608,921517,2016,4,Campeche
472929,462117,935047,2017,4,Campeche
479894,468565,948459,2018,4,Campeche
486798,474947,961744,2019,4,Campeche
493629,481249,974877,2020,4,Campeche
500390,487485,987875,2021,4,Campeche
507088,493668,1000757,2022,4,Campeche
513715,499787,1013503,2023,4,Campeche
520269,505841,1026111,2024,4,Campeche
526749,511827,1038576,2025,4,Campeche
533150,517743,1050893,2026,4,Campeche
539469,523587,1063056,2027,4,Campeche
545708,529359,1075067,2028,4,Campeche
551867,535062,1086928,2029,4,Campeche
557943,540693,1098636,2030,4,Campeche
1648316,1666559,3314875,1990,7,Chiapas
1693308,1701872,3395180,1991,7,Chiapas
1738166,1738747,3476913,1992,7,Chiapas
1783257,1776264,3559521,1993,7,Chiapas
1829068,1815743,3644811,1994,7,Chiapas
1875445,1856574,3732019,1995,7,Chiapas
1921936,1897803,3819739,1996,7,Chiapas
1968199,1939103,3907302,1997,7,Chiapas
2014159,1980166,3994325,1998,7,Chiapas
2060906,2022504,4083410,1999,7,Chiapas
2104060,2060793,4164853,2000,7,Chiapas
2144201,2095629,4239830,2001,7,Chiapas
2186237,2132711,4318948,2002,7,Chiapas
2227940,2169327,4397267,2003,7,Chiapas
2269585,2207001,4476586,2004,7,Chiapas
2308360,2240674,4549034,2005,7,Chiapas
2345143,2271056,4616199,2006,7,Chiapas
2383566,2304448,4688014,2007,7,Chiapas
2422511,2339569,4762080,2008,7,Chiapas
2460953,2375373,4836326,2009,7,Chiapas
2499125,2404629,4903755,2010,7,Chiapas
2535884,2444749,4980633,2011,7,Chiapas
2572518,2478050,5050568,2012,7,Chiapas
2608597,2510589,5119186,2013,7,Chiapas
2644154,2542418,5186572,2014,7,Chiapas
2679221,2573587,5252808,2015,7,Chiapas
2713821,2604139,5317960,2016,7,Chiapas
2747972,2634110,5382083,2017,7,Chiapas
2781694,2663539,5445233,2018,7,Chiapas
2814991,2692449,5507440,2019,7,Chiapas
2847845,2720803,5568648,2020,7,Chiapas
2880259,2748687,5628946,2021,7,Chiapas
2912242,2776183,5688425,2022,7,Chiapas
2943776,2803243,5747019,2023,7,Chiapas
2974847,2829863,5804709,2024,7,Chiapas
3005427,2856023,5861450,2025,7,Chiapas
3035484,2881696,5917180,2026,7,Chiapas
3064990,2906865,5971855,2027,7,Chiapas
3093937,2931524,6025461,2028,7,Chiapas
3122313,2955670,6077983,2029,7,Chiapas
3150014,2979204,6129218,2030,7,Chiapas
1182944,1225056,2408000,1990,8,Chihuahua
1212494,1252828,2465322,1991,8,Chihuahua
1242067,1279887,2521954,1992,8,Chihuahua
1271913,1307033,2578946,1993,8,Chihuahua
1302460,1334477,2636937,1994,8,Chihuahua
1333548,1361761,2695309,1995,8,Chihuahua
1364968,1388314,2753282,1996,8,Chihuahua
1396618,1414147,2810765,1997,8,Chihuahua
1428740,1439606,2868346,1998,8,Chihuahua
1461385,1465613,2926998,1999,8,Chihuahua
1494007,1493920,2987927,2000,8,Chihuahua
1525960,1522728,3048688,2001,8,Chihuahua
1557759,1550133,3107892,2002,8,Chihuahua
1588967,1576487,3165454,2003,8,Chihuahua
1617860,1601005,3218865,2004,8,Chihuahua
1645547,1624762,3270309,2005,8,Chihuahua
1673495,1648944,3322439,2006,8,Chihuahua
1701640,1674904,3376544,2007,8,Chihuahua
1729778,1701739,3431517,2008,8,Chihuahua
1757065,1728028,3485093,2009,8,Chihuahua
1780238,1745035,3525273,2010,8,Chihuahua
1800481,1758767,3559248,2011,8,Chihuahua
1821877,1776915,3598792,2012,8,Chihuahua
1842759,1793208,3635966,2013,8,Chihuahua
1863254,1810088,3673342,2014,8,Chihuahua
1883313,1826816,3710129,2015,8,Chihuahua
1902943,1843339,3746281,2016,8,Chihuahua
1922189,1859828,3782018,2017,8,Chihuahua
1941013,1875852,3816865,2018,8,Chihuahua
1959375,1891053,3850428,2019,8,Chihuahua
1977199,1905540,3882739,2020,8,Chihuahua
1994709,1919695,3914404,2021,8,Chihuahua
2012114,1933858,3945972,2022,8,Chihuahua
2029274,1947811,3977085,2023,8,Chihuahua
2046173,1961539,4007711,2024,8,Chihuahua
2062772,1975006,4037778,2025,8,Chihuahua
2079023,1988163,4067186,2026,8,Chihuahua
2094911,2000999,4095910,2027,8,Chihuahua
2110435,2013514,4123949,2028,8,Chihuahua
2125581,2025697,4151277,2029,8,Chihuahua
2140307,2037508,4177815,2030,8,Chihuahua
999384,1005632,2005016,1990,5,Coahuila
1018955,1023609,2042564,1991,5,Coahuila
1038711,1041996,2080707,1992,5,Coahuila
1058694,1060626,2119320,1993,5,Coahuila
1078942,1079461,2158403,1994,5,Coahuila
1099420,1098324,2197744,1995,5,Coahuila
1120007,1117018,2237025,1996,5,Coahuila
1140694,1135574,2276268,1997,5,Coahuila
1161481,1153931,2315412,1998,5,Coahuila
1182164,1172266,2354430,1999,5,Coahuila
1202519,1191237,2393756,2000,5,Coahuila
1222715,1210527,2433242,2001,5,Coahuila
1243312,1229609,2472921,2002,5,Coahuila
1263900,1248361,2512261,2003,5,Coahuila
1283715,1266493,2550208,2004,5,Coahuila
1303137,1284381,2587518,2005,5,Coahuila
1322785,1302547,2625332,2006,5,Coahuila
1342721,1321298,2664019,2007,5,Coahuila
1363011,1340894,2703905,2008,5,Coahuila
1383233,1360733,2743966,2009,5,Coahuila
1402662,1379351,2782013,2010,5,Coahuila
1421260,1396817,2818077,2011,5,Coahuila
1439971,1414363,2854334,2012,5,Coahuila
1458442,1431666,2890108,2013,5,Coahuila
1476700,1448894,2925594,2014,5,Coahuila
1494737,1465945,2960681,2015,5,Coahuila
1512557,1482816,2995374,2016,5,Coahuila
1530175,1499565,3029740,2017,5,Coahuila
1547578,1516084,3063662,2018,5,Coahuila
1564745,1532269,3097014,2019,5,Coahuila
1581651,1548132,3129782,2020,5,Coahuila
1598319,1563733,3162053,2021,5,Coahuila
1614776,1579136,3193912,2022,5,Coahuila
1630986,1594291,3225277,2023,5,Coahuila
1646930,1609181,3256111,2024,5,Coahuila
1662587,1623782,3286369,2025,5,Coahuila
1677934,1638074,3316008,2026,5,Coahuila
1692959,1652046,3345005,2027,5,Coahuila
1707650,1665690,3373340,2028,5,Coahuila
1721996,1678995,3400991,2029,5,Coahuila
1735957,1691922,3427879,2030,5,Coahuila
231680,241435,473115,1990,6,Colima
237100,245948,483048,1991,6,Colima
242103,250078,492181,1992,6,Colima
246876,254004,500880,1993,6,Colima
251503,257755,509258,1994,6,Colima
256072,261287,517359,1995,6,Colima
260487,264460,524947,1996,6,Colima
264734,267231,531965,1997,6,Colima
268883,269677,538560,1998,6,Colima
272573,271577,544150,1999,6,Colima
276204,274087,550291,2000,6,Colima
280356,277612,557968,2001,6,Colima
285038,281351,566389,2002,6,Colima
290039,285372,575411,2003,6,Colima
294865,289286,584151,2004,6,Colima
300020,293807,593827,2005,6,Colima
305853,299208,605061,2006,6,Colima
312055,305091,617146,2007,6,Colima
318790,311816,630606,2008,6,Colima
325809,319241,645050,2009,6,Colima
332761,326149,658910,2010,6,Colima
339821,332442,672263,2011,6,Colima
346654,338740,685394,2012,6,Colima
353405,344890,698295,2013,6,Colima
360073,350908,710982,2014,6,Colima
366661,356794,723455,2015,6,Colima
373170,362554,735724,2016,6,Colima
379599,368202,747801,2017,6,Colima
385950,373737,759686,2018,6,Colima
392220,379157,771377,2019,6,Colima
398392,384438,782831,2020,6,Colima
404500,389644,794144,2021,6,Colima
410576,394829,805405,2022,6,Colima
416597,399957,816554,2023,6,Colima
422562,405026,827588,2024,6,Colima
428465,410033,838498,2025,6,Colima
434304,414976,849280,2026,6,Colima
440077,419853,859930,2027,6,Colima
445781,424664,870446,2028,6,Colima
451415,429408,880823,2029,6,Colima
456971,434080,891050,2030,6,Colima
4506666,4188896,8695562,1990,9,Distrito Federal
4530306,4208527,8738833,1991,9,Distrito Federal
4548778,4223497,8772275,1992,9,Distrito Federal
4565084,4236693,8801777,1993,9,Distrito Federal
4579851,4248524,8828375,1994,9,Distrito Federal
4593854,4259233,8853087,1995,9,Distrito Federal
4607001,4268395,8875396,1996,9,Distrito Federal
4619118,4276098,8895216,1997,9,Distrito Federal
4630539,4282374,8912913,1998,9,Distrito Federal
4640641,4287535,8928176,1999,9,Distrito Federal
4649598,4295337,8944935,2000,9,Distrito Federal
4657540,4303589,8961129,2001,9,Distrito Federal
4664923,4308621,8973544,2002,9,Distrito Federal
4671031,4311183,8982214,2003,9,Distrito Federal
4673223,4309637,8982860,2004,9,Distrito Federal
4673744,4306671,8980415,2005,9,Distrito Federal
4674412,4303542,8977954,2006,9,Distrito Federal
4674375,4299075,8973450,2007,9,Distrito Federal
4674022,4295399,8969421,2008,9,Distrito Federal
4671506,4290088,8961594,2009,9,Distrito Federal
4665678,4278921,8944599,2010,9,Distrito Federal
4658240,4270160,8928400,2011,9,Distrito Federal
4651444,4260221,8911665,2012,9,Distrito Federal
4644017,4249725,8893742,2013,9,Distrito Federal
4635967,4238757,8874724,2014,9,Distrito Federal
4627303,4227297,8854600,2015,9,Distrito Federal
4618049,4215367,8833416,2016,9,Distrito Federal
4608235,4203031,8811266,2017,9,Distrito Federal
4597881,4190259,8788141,2018,9,Distrito Federal
4586990,4177013,8764004,2019,9,Distrito Federal
4575569,4163345,8738914,2020,9,Distrito Federal
4563637,4149268,8712905,2021,9,Distrito Federal
4551208,4134796,8686003,2022,9,Distrito Federal
4538294,4119954,8658248,2023,9,Distrito Federal
4524895,4104753,8629648,2024,9,Distrito Federal
4510988,4089191,8600179,2025,9,Distrito Federal
4496560,4073264,8569824,2026,9,Distrito Federal
4481612,4056985,8538597,2027,9,Distrito Federal
4466148,4040366,8506514,2028,9,Distrito Federal
4450166,4023417,8473584,2029,9,Distrito Federal
4433649,4006137,8439786,2030,9,Distrito Federal
682299,706900,1389199,1990,10,Durango
690360,712133,1402493,1991,10,Durango
698124,717269,1415393,1992,10,Durango
705564,722086,1427650,1993,10,Durango
712959,726687,1439646,1994,10,Durango
720577,731004,1451581,1995,10,Durango
728190,734639,1462829,1996,10,Durango
735462,737499,1472961,1997,10,Durango
742654,739605,1482259,1998,10,Durango
748440,739865,1488305,1999,10,Durango
754680,742933,1497613,2000,10,Durango
762578,749232,1511810,2001,10,Durango
770965,754832,1525797,2002,10,Durango
779707,760548,1540255,2003,10,Durango
786932,764771,1551703,2004,10,Durango
795151,771077,1566228,2005,10,Durango
805267,780211,1585478,2006,10,Durango
815588,789827,1605415,2007,10,Durango
826822,801499,1628321,2008,10,Durango
837765,812277,1650042,2009,10,Durango
848134,821680,1669815,2010,10,Durango
858268,832151,1690418,2011,10,Durango
868271,841471,1709741,2012,10,Durango
878043,850386,1728429,2013,10,Durango
887607,859199,1746805,2014,10,Durango
896959,867767,1764726,2015,10,Durango
906105,876100,1782205,2016,10,Durango
915056,884263,1799320,2017,10,Durango
923810,892156,1815966,2018,10,Durango
932358,899685,1832043,2019,10,Durango
940678,906869,1847547,2020,10,Durango
948809,913836,1862645,2021,10,Durango
956794,920709,1877503,2022,10,Durango
964607,927420,1892027,2023,10,Durango
972246,933969,1906215,2024,10,Durango
979700,940346,1920046,2025,10,Durango
986957,946539,1933496,2026,10,Durango
994012,952546,1946558,2027,10,Durango
1000865,958370,1959235,2028,10,Durango
1007514,964012,1971526,2029,10,Durango
1013939,969450,1983389,2030,10,Durango
5141529,4942234,10083763,1990,15,México
5306106,5097488,10403594,1991,15,México
5461357,5245269,10706626,1992,15,México
5613695,5390892,11004587,1993,15,México
5764886,5535321,11300207,1994,15,México
5914781,5677098,11591879,1995,15,México
6062364,5814617,11876981,1996,15,México
6207221,5947635,12154856,1997,15,México
6349028,6075049,12424077,1998,15,México
6484718,6194266,12678984,1999,15,México
6616857,6316145,12933002,2000,15,México
6750879,6444466,13195345,2001,15,México
6887941,6571804,13459745,2002,15,México
7025424,6698088,13723512,2003,15,México
7158038,6820042,13978080,2004,15,México
7290335,6943179,14233514,2005,15,México
7426250,7070773,14497023,2006,15,México
7564094,7201206,14765300,2007,15,México
7703585,7336800,15040385,2008,15,México
7841900,7473744,15315644,2009,15,México
7977652,7594028,15571679,2010,15,México
8109852,7735706,15845558,2011,15,México
8242117,7864368,16106485,2012,15,México
8372831,7991380,16364210,2013,15,México
8501937,8116992,16618929,2014,15,México
8629387,8241001,16870388,2015,15,México
8755147,8363377,17118525,2016,15,México
8879179,8484208,17363387,2017,15,México
9001428,8603191,17604619,2018,15,México
9121828,8719997,17841825,2019,15,México
9240300,8834764,18075065,2020,15,México
9356812,8947495,18304307,2021,15,México
9471335,9058121,18529456,2022,15,México
9583787,9166587,18750374,2023,15,México
9694086,9272827,18966913,2024,15,México
9802149,9376773,19178922,2025,15,México
9907911,9478375,19386285,2026,15,México
10011321,9577602,19588923,2027,15,México
10112332,9674426,19786758,2028,15,México
10210885,9768809,19979694,2029,15,México
10306822,9860611,20167433,2030,15,México
2304675,2352417,4657092,1990,11,Guanajuato
2340754,2378060,4718814,1991,11,Guanajuato
2374618,2402412,4777030,1992,11,Guanajuato
2407558,2426276,4833834,1993,11,Guanajuato
2439997,2449081,4889078,1994,11,Guanajuato
2472148,2469539,4941687,1995,11,Guanajuato
2503486,2486747,4990233,1996,11,Guanajuato
2533527,2500745,5034272,1997,11,Guanajuato
2563236,2511613,5074849,1998,11,Guanajuato
2592542,2521511,5114053,1999,11,Guanajuato
2614568,2529198,5143766,2000,11,Guanajuato
2633779,2536759,5170538,2001,11,Guanajuato
2660424,2548205,5208629,2002,11,Guanajuato
2688495,2559286,5247781,2003,11,Guanajuato
2712978,2569582,5282560,2004,11,Guanajuato
2733005,2574615,5307620,2005,11,Guanajuato
2754289,2579219,5333508,2006,11,Guanajuato
2782541,2594503,5377044,2007,11,Guanajuato
2816198,2621422,5437620,2008,11,Guanajuato
2849605,2653749,5503354,2009,11,Guanajuato
2879875,2678627,5558502,2010,11,Guanajuato
2907944,2706754,5614698,2011,11,Guanajuato
2936985,2731195,5668181,2012,11,Guanajuato
2965335,2754374,5719709,2013,11,Guanajuato
2993020,2776504,5769524,2014,11,Guanajuato
3020029,2797585,5817614,2015,11,Guanajuato
3046350,2817667,5864016,2016,11,Guanajuato
3071988,2836857,5908845,2017,11,Guanajuato
3096950,2855137,5952087,2018,11,Guanajuato
3121234,2872475,5993708,2019,11,Guanajuato
3144769,2888791,6033559,2020,11,Guanajuato
3167621,2904384,6072005,2021,11,Guanajuato
3189874,2919539,6109412,2022,11,Guanajuato
3211471,2934089,6145560,2023,11,Guanajuato
3232409,2948042,6180452,2024,11,Guanajuato
3252665,2961382,6214047,2025,11,Guanajuato
3272207,2974085,6246291,2026,11,Guanajuato
3291017,2986141,6277158,2027,11,Guanajuato
3309096,2997556,6306652,2028,11,Guanajuato
3326439,3008338,6334777,2029,11,Guanajuato
3342980,3018421,6361401,2030,11,Guanajuato
1478390,1543565,3021955,1990,12,Guerrero
1496559,1552480,3049039,1991,12,Guerrero
1514147,1561686,3075833,1992,12,Guerrero
1530616,1569926,3100542,1993,12,Guerrero
1547043,1577925,3124968,1994,12,Guerrero
1563569,1585167,3148736,1995,12,Guerrero
1579418,1590738,3170156,1996,12,Guerrero
1594068,1594365,3188433,1997,12,Guerrero
1608093,1596210,3204303,1998,12,Guerrero
1620231,1595636,3215867,1999,12,Guerrero
1630203,1596184,3226387,2000,12,Guerrero
1640826,1599706,3240532,2001,12,Guerrero
1654028,1604117,3258145,2002,12,Guerrero
1667915,1608681,3276596,2003,12,Guerrero
1679534,1611918,3291452,2004,12,Guerrero
1690729,1615618,3306347,2005,12,Guerrero
1703823,1621656,3325479,2006,12,Guerrero
1718895,1630945,3349840,2007,12,Guerrero
1736165,1644768,3380933,2008,12,Guerrero
1753957,1661247,3415204,2009,12,Guerrero
1770421,1673844,3444264,2010,12,Guerrero
1784917,1688538,3473454,2011,12,Guerrero
1799422,1700085,3499507,2012,12,Guerrero
1813229,1710628,3523858,2013,12,Guerrero
1826371,1720339,3546710,2014,12,Guerrero
1838880,1729259,3568139,2015,12,Guerrero
1850791,1737464,3588255,2016,12,Guerrero
1862144,1745066,3607210,2017,12,Guerrero
1872973,1752067,3625040,2018,12,Guerrero
1883302,1758451,3641753,2019,12,Guerrero
1893096,1764209,3657305,2020,12,Guerrero
1902441,1769530,3671970,2021,12,Guerrero
1911428,1774588,3686016,2022,12,Guerrero
1920030,1779311,3699341,2023,12,Guerrero
1928254,1783710,3711963,2024,12,Guerrero
1936088,1787780,3723868,2025,12,Guerrero
1943515,1791505,3735021,2026,12,Guerrero
1950529,1794887,3745416,2027,12,Guerrero
1957139,1797940,3755079,2028,12,Guerrero
1963348,1800669,3764017,2029,12,Guerrero
1969093,1803016,3772110,2030,12,Guerrero
1111517,1095637,2207154,1990,13,Hidalgo
1123639,1104266,2227905,1991,13,Hidalgo
1135405,1113279,2248684,1992,13,Hidalgo
1146664,1122086,2268750,1993,13,Hidalgo
1157981,1130589,2288570,1994,13,Hidalgo
1169623,1138486,2308109,1995,13,Hidalgo
1181245,1145285,2326530,1996,13,Hidalgo
1192612,1150824,2343436,1997,13,Hidalgo
1204200,1155358,2359558,1998,13,Hidalgo
1215615,1159367,2374982,1999,13,Hidalgo
1225874,1164410,2390284,2000,13,Hidalgo
1236926,1171532,2408458,2001,13,Hidalgo
1251054,1180390,2431444,2002,13,Hidalgo
1266429,1189951,2456380,2003,13,Hidalgo
1280898,1199526,2480424,2004,13,Hidalgo
1295224,1209266,2504490,2005,13,Hidalgo
1311243,1220698,2531941,2006,13,Hidalgo
1329558,1235673,2565231,2007,13,Hidalgo
1350053,1255122,2605175,2008,13,Hidalgo
1371290,1277974,2649264,2009,13,Hidalgo
1391833,1298253,2690086,2010,13,Hidalgo
1411383,1319187,2730570,2011,13,Hidalgo
1431035,1337939,2768973,2012,13,Hidalgo
1450373,1355961,2806334,2013,13,Hidalgo
1469411,1373373,2842784,2014,13,Hidalgo
1488144,1390226,2878369,2015,13,Hidalgo
1506574,1406578,2913152,2016,13,Hidalgo
1524713,1422493,2947206,2017,13,Hidalgo
1542551,1437981,2980532,2018,13,Hidalgo
1560078,1453042,3013121,2019,13,Hidalgo
1577275,1467663,3044937,2020,13,Hidalgo
1594178,1481954,3076132,2021,13,Hidalgo
1610819,1496007,3106826,2022,13,Hidalgo
1627166,1509757,3136923,2023,13,Hidalgo
1643213,1523204,3166416,2024,13,Hidalgo
1658953,1536343,3195296,2025,13,Hidalgo
1674372,1549165,3223536,2026,13,Hidalgo
1689455,1561662,3251118,2027,13,Hidalgo
1704198,1573835,3278033,2028,13,Hidalgo
1718597,1585683,3304279,2029,13,Hidalgo
1732602,1597163,3329765,2030,13,Hidalgo
2870532,2894854,5765386,1990,14,Jalisco
2922405,2939502,5861907,1991,14,Jalisco
2970861,2980385,5951246,1992,14,Jalisco
3017398,3019158,6036556,1993,14,Jalisco
3062858,3055713,6118571,1994,14,Jalisco
3107784,3089445,6197229,1995,14,Jalisco
3151612,3119113,6270725,1996,14,Jalisco
3193791,3144503,6338294,1997,14,Jalisco
3235115,3166296,6401411,1998,14,Jalisco
3271046,3181121,6452167,1999,14,Jalisco
3307686,3205793,6513479,2000,14,Jalisco
3350059,3242342,6592401,2001,14,Jalisco
3394965,3276691,6671656,2002,14,Jalisco
3441447,3311436,6752883,2003,14,Jalisco
3482269,3340886,6823155,2004,14,Jalisco
3526198,3377310,6903508,2005,14,Jalisco
3577099,3423817,7000916,2006,14,Jalisco
3629331,3472317,7101648,2007,14,Jalisco
3685052,3528531,7213583,2008,14,Jalisco
3741525,3590468,7331993,2009,14,Jalisco
3794808,3647817,7442625,2010,14,Jalisco
3844961,3698272,7543233,2011,14,Jalisco
3895854,3748298,7644152,2012,14,Jalisco
3945877,3796426,7742303,2013,14,Jalisco
3995027,3842983,7838010,2014,14,Jalisco
4043288,3887978,7931267,2015,14,Jalisco
4090660,3931521,8022181,2016,14,Jalisco
4137152,3973791,8110943,2017,14,Jalisco
4182760,4014723,8197483,2018,14,Jalisco
4227473,4054241,8281714,2019,14,Jalisco
4271124,4092153,8363277,2020,14,Jalisco
4313987,4129150,8443137,2021,14,Jalisco
4356335,4165862,8522198,2022,14,Jalisco
4397996,4201906,8599902,2023,14,Jalisco
4438958,4237276,8676234,2024,14,Jalisco
4479180,4271944,8751124,2025,14,Jalisco
4518615,4305869,8824483,2026,14,Jalisco
4557246,4339045,8896290,2027,14,Jalisco
4595073,4371479,8966553,2028,14,Jalisco
4632090,4403173,9035264,2029,14,Jalisco
4668211,4434047,9102259,2030,14,Jalisco
1956947,2021830,3978777,1990,16,Michoacán
1980191,2035085,4015276,1991,16,Michoacán
2000924,2046267,4047191,1992,16,Michoacán
2019715,2055560,4075275,1993,16,Michoacán
2037428,2063107,4100535,1994,16,Michoacán
2054770,2068308,4123078,1995,16,Michoacán
2070942,2069812,4140754,1996,16,Michoacán
2085204,2067352,4152556,1997,16,Michoacán
2098632,2061489,4160121,1998,16,Michoacán
2108220,2050451,4158671,1999,16,Michoacán
2116322,2045940,4162262,2000,16,Michoacán
2127400,2049473,4176873,2001,16,Michoacán
2141997,2051974,4193971,2002,16,Michoacán
2157814,2054263,4212077,2003,16,Michoacán
2168521,2052369,4220890,2004,16,Michoacán
2180152,2053765,4233917,2005,16,Michoacán
2196944,2061781,4258725,2006,16,Michoacán
2216386,2073873,4290259,2007,16,Michoacán
2239660,2094021,4333681,2008,16,Michoacán
2263092,2118523,4381615,2009,16,Michoacán
2283594,2136676,4420271,2010,16,Michoacán
2302018,2156083,4458100,2011,16,Michoacán
2321585,2173145,4494730,2012,16,Michoacán
2340713,2189202,4529914,2013,16,Michoacán
2359394,2204455,4563849,2014,16,Michoacán
2377619,2218880,4596499,2015,16,Michoacán
2395377,2232524,4627902,2016,16,Michoacán
2412667,2245492,4658159,2017,16,Michoacán
2429484,2257727,4687211,2018,16,Michoacán
2445820,2269165,4714985,2019,16,Michoacán
2461610,2279707,4741317,2020,16,Michoacán
2476936,2289739,4766675,2021,16,Michoacán
2491888,2299615,4791503,2022,16,Michoacán
2506414,2309128,4815541,2023,16,Michoacán
2520516,2318284,4838800,2024,16,Michoacán
2534180,2327073,4861254,2025,16,Michoacán
2547377,2335472,4882849,2026,16,Michoacán
2560101,2343481,4903582,2027,16,Michoacán
2572366,2351116,4923482,2028,16,Michoacán
2584176,2358388,4942564,2029,16,Michoacán
2595501,2365272,4960773,2030,16,Michoacán
696659,701041,1397700,1990,17,Morelos
711040,712447,1423487,1991,17,Morelos
724704,723365,1448069,1992,17,Morelos
737679,733649,1471328,1993,17,Morelos
750243,743272,1493515,1994,17,Morelos
762618,751987,1514605,1995,17,Morelos
774449,759421,1533870,1996,17,Morelos
785502,765461,1550963,1997,17,Morelos
796093,770213,1566306,1998,17,Morelos
805021,772708,1577729,1999,17,Morelos
814094,777972,1592066,2000,17,Morelos
824667,786403,1611070,2001,17,Morelos
835770,793829,1629599,2002,17,Morelos
847236,801192,1648428,2003,17,Morelos
857031,806836,1663867,2004,17,Morelos
867658,814307,1681965,2005,17,Morelos
880142,824402,1704544,2006,17,Morelos
892801,834721,1727522,2007,17,Morelos
906293,846864,1753157,2008,17,Morelos
919822,859886,1779708,2009,17,Morelos
932352,870988,1803340,2010,17,Morelos
944661,882526,1827187,2011,17,Morelos
957145,893667,1850812,2012,17,Morelos
969520,904668,1874188,2013,17,Morelos
981778,915615,1897393,2014,17,Morelos
993909,926442,1920350,2015,17,Morelos
1005903,937141,1943044,2016,17,Morelos
1017752,947735,1965487,2017,17,Morelos
1029443,958152,1987596,2018,17,Morelos
1040969,968330,2009299,2019,17,Morelos
1052309,978270,2030580,2020,17,Morelos
1063473,988026,2051499,2021,17,Morelos
1074468,997644,2072111,2022,17,Morelos
1085275,1007083,2092358,2023,17,Morelos
1095891,1016341,2112233,2024,17,Morelos
1106308,1025414,2131722,2025,17,Morelos
1116512,1034290,2150802,2026,17,Morelos
1126496,1042963,2169459,2027,17,Morelos
1136258,1051433,2187691,2028,17,Morelos
1145797,1059700,2205497,2029,17,Morelos
1155103,1067760,2222863,2030,17,Morelos
412094,439572,851666,1990,18,Nayarit
418452,444371,862823,1991,18,Nayarit
424436,449074,873510,1992,18,Nayarit
430154,453383,883537,1993,18,Nayarit
435749,457344,893093,1994,18,Nayarit
441345,460967,902312,1995,18,Nayarit
446766,464001,910767,1996,18,Nayarit
451937,466352,918289,1997,18,Nayarit
457039,468200,925239,1998,18,Nayarit
461211,468876,930087,1999,18,Nayarit
465557,471104,936661,2000,18,Nayarit
471299,475628,946927,2001,18,Nayarit
477958,480356,958314,2002,18,Nayarit
485321,485665,970986,2003,18,Nayarit
492335,490656,982991,2004,18,Nayarit
500359,497222,997581,2005,18,Nayarit
509997,505915,1015912,2006,18,Nayarit
520413,515485,1035898,2007,18,Nayarit
531920,526757,1058677,2008,18,Nayarit
544243,539529,1083772,2009,18,Nayarit
556706,552155,1108860,2010,18,Nayarit
568729,563487,1132215,2011,18,Nayarit
580680,574768,1155448,2012,18,Nayarit
592536,585867,1178403,2013,18,Nayarit
604303,596899,1201202,2014,18,Nayarit
615981,607816,1223797,2015,18,Nayarit
627575,618627,1246202,2016,18,Nayarit
639087,629372,1268460,2017,18,Nayarit
650519,640000,1290519,2018,18,Nayarit
661869,650461,1312330,2019,18,Nayarit
673106,660748,1333853,2020,18,Nayarit
684286,670963,1355249,2021,18,Nayarit
695468,681203,1376671,2022,18,Nayarit
706616,691412,1398029,2023,18,Nayarit
717731,701589,1419319,2024,18,Nayarit
728801,711723,1440524,2025,18,Nayarit
739812,721801,1461613,2026,18,Nayarit
750759,731820,1482579,2027,18,Nayarit
761644,741779,1503423,2028,18,Nayarit
772463,751678,1524141,2029,18,Nayarit
783203,761506,1544709,2030,18,Nayarit
1604735,1631393,3236128,1990,19,Nuevo León
1641203,1666988,3308191,1991,19,Nuevo León
1677127,1701565,3378692,1992,19,Nuevo León
1712994,1736005,3448999,1993,19,Nuevo León
1749321,1770664,3519985,1994,19,Nuevo León
1786309,1805597,3591906,1995,19,Nuevo León
1823521,1840168,3663689,1996,19,Nuevo León
1860826,1874301,3735127,1997,19,Nuevo León
1898455,1908254,3806709,1998,19,Nuevo León
1935520,1941374,3876894,1999,19,Nuevo León
1973161,1976900,3950061,2000,19,Nuevo León
2012098,2014806,4026904,2001,19,Nuevo León
2051443,2052039,4103482,2002,19,Nuevo León
2091029,2089239,4180268,2003,19,Nuevo León
2129502,2125204,4254706,2004,19,Nuevo León
2168376,2162110,4330486,2005,19,Nuevo León
2208329,2200507,4408836,2006,19,Nuevo León
2248281,2238925,4487206,2007,19,Nuevo León
2288602,2278269,4566871,2008,19,Nuevo León
2328584,2317596,4646180,2009,19,Nuevo León
2367582,2355690,4723273,2010,19,Nuevo León
2405714,2391549,4797263,2011,19,Nuevo León
2443900,2424944,4868844,2012,19,Nuevo León
2481742,2459317,4941059,2013,19,Nuevo León
2519262,2494327,5013589,2014,19,Nuevo León
2556466,2529382,5085848,2015,19,Nuevo León
2593363,2564417,5157780,2016,19,Nuevo León
2629962,2599529,5229492,2017,19,Nuevo León
2666253,2634365,5300619,2018,19,Nuevo León
2702222,2668627,5370849,2019,19,Nuevo León
2737835,2702443,5440277,2020,19,Nuevo León
2773149,2735921,5509070,2021,19,Nuevo León
2808222,2769170,5577392,2022,19,Nuevo León
2843001,2802117,5645118,2023,19,Nuevo León
2877461,2834736,5712197,2024,19,Nuevo León
2911568,2866994,5778562,2025,19,Nuevo León
2945289,2898861,5844150,2026,19,Nuevo León
2978601,2930315,5908917,2027,19,Nuevo León
3011483,2961338,5972821,2028,19,Nuevo León
3043906,2991904,6035811,2029,19,Nuevo León
3075814,3021956,6097769,2030,19,Nuevo León
1683950,1677722,3361672,1990,20,Oaxaca
1705260,1691597,3396857,1991,20,Oaxaca
1726761,1706562,3433323,1992,20,Oaxaca
1747143,1720894,3468037,1993,20,Oaxaca
1766993,1734888,3501881,1994,20,Oaxaca
1786881,1748399,3535280,1995,20,Oaxaca
1806273,1760671,3566944,1996,20,Oaxaca
1824706,1771407,3596113,1997,20,Oaxaca
1842771,1780706,3623477,1998,20,Oaxaca
1862413,1792519,3654932,1999,20,Oaxaca
1874497,1796924,3671421,2000,20,Oaxaca
1881899,1795936,3677835,2001,20,Oaxaca
1895585,1800800,3696385,2002,20,Oaxaca
1910133,1805811,3715944,2003,20,Oaxaca
1925120,1813754,3738874,2004,20,Oaxaca
1935213,1814347,3749560,2005,20,Oaxaca
1943512,1810232,3753744,2006,20,Oaxaca
1958028,1815544,3773572,2007,20,Oaxaca
1976146,1827932,3804078,2008,20,Oaxaca
1994619,1843720,3838339,2009,20,Oaxaca
2012174,1855934,3868109,2010,20,Oaxaca
2029081,1872338,3901419,2011,20,Oaxaca
2045717,1885116,3930833,2012,20,Oaxaca
2061844,1897199,3959042,2013,20,Oaxaca
2077478,1908728,3986206,2014,20,Oaxaca
2092616,1919679,4012295,2015,20,Oaxaca
2107265,1930092,4037357,2016,20,Oaxaca
2121447,1940050,4061497,2017,20,Oaxaca
2135166,1949508,4084674,2018,20,Oaxaca
2148414,1958407,4106822,2019,20,Oaxaca
2161158,1966741,4127899,2020,20,Oaxaca
2173440,1974638,4148078,2021,20,Oaxaca
2185314,1982219,4167533,2022,20,Oaxaca
2196754,1989419,4186173,2023,20,Oaxaca
2207761,1996246,4204007,2024,20,Oaxaca
2218328,2002695,4221023,2025,20,Oaxaca
2228437,2008756,4237192,2026,20,Oaxaca
2238085,2014427,4252511,2027,20,Oaxaca
2247282,2019723,4267004,2028,20,Oaxaca
2256034,2024656,4280690,2029,20,Oaxaca
2264269,2029154,4293423,2030,20,Oaxaca
2286288,2208560,4494848,1990,21,Puebla
2330690,2244417,4575107,1991,21,Puebla
2373985,2280786,4654771,1992,21,Puebla
2416813,2317465,4734278,1993,21,Puebla
2460227,2355139,4815366,1994,21,Puebla
2503265,2391824,4895089,1995,21,Puebla
2544308,2425678,4969986,1996,21,Puebla
2584335,2457761,5042096,1997,21,Puebla
2624449,2488749,5113198,1998,21,Puebla
2666118,2522389,5188507,1999,21,Puebla
2700397,2549628,5250025,2000,21,Puebla
2729856,2571588,5301444,2001,21,Puebla
2765681,2598808,5364489,2002,21,Puebla
2802370,2625788,5428158,2003,21,Puebla
2838703,2654779,5493482,2004,21,Puebla
2869722,2675942,5545664,2005,21,Puebla
2898687,2692073,5590760,2006,21,Puebla
2933688,2717354,5651042,2007,21,Puebla
2972412,2750078,5722490,2008,21,Puebla
3010885,2785551,5796436,2009,21,Puebla
3047960,2815863,5863823,2010,21,Puebla
3083511,2851503,5935014,2011,21,Puebla
3119148,2883013,6002161,2012,21,Puebla
3154046,2913561,6067607,2013,21,Puebla
3188236,2943262,6131498,2014,21,Puebla
3221719,2972117,6193836,2015,21,Puebla
3254472,3000125,6254597,2016,21,Puebla
3286477,3027312,6313789,2017,21,Puebla
3317727,3053654,6371381,2018,21,Puebla
3348211,3079116,6427327,2019,21,Puebla
3377876,3103660,6481536,2020,21,Puebla
3406798,3127431,6534228,2021,21,Puebla
3435048,3150563,6585611,2022,21,Puebla
3462570,3172974,6635544,2023,21,Puebla
3489348,3194654,6684003,2024,21,Puebla
3515361,3215591,6730952,2025,21,Puebla
3540592,3235779,6776371,2026,21,Puebla
3565039,3255225,6820264,2027,21,Puebla
3588699,3273935,6862634,2028,21,Puebla
3611557,3291902,6903458,2029,21,Puebla
3633480,3309001,6942481,2030,21,Puebla
629957,615314,1245271,1990,22,Querétaro
646803,630755,1277558,1991,22,Querétaro
663274,645978,1309252,1992,22,Querétaro
679657,661121,1340778,1993,22,Querétaro
696025,676206,1372231,1994,22,Querétaro
712516,691114,1403630,1995,22,Querétaro
729030,705641,1434671,1996,22,Querétaro
745448,719785,1465233,1997,22,Querétaro
761891,733518,1495409,1998,22,Querétaro
778900,748114,1527014,1999,22,Querétaro
793782,760736,1554518,2000,22,Querétaro
807274,771802,1579076,2001,22,Querétaro
822843,784746,1607589,2002,22,Querétaro
838757,797803,1636560,2003,22,Querétaro
854671,811690,1666361,2004,22,Querétaro
868986,823348,1692334,2005,22,Querétaro
882972,833870,1716842,2006,22,Querétaro
899209,847787,1746996,2007,22,Querétaro
916448,864135,1780583,2008,22,Querétaro
933559,881900,1815459,2009,22,Querétaro
950267,897924,1848191,2010,22,Querétaro
966508,914597,1881105,2011,22,Querétaro
982865,929938,1912803,2012,22,Querétaro
999051,944838,1943889,2013,22,Querétaro
1015067,959369,1974436,2014,22,Querétaro
1030911,973560,2004472,2015,22,Querétaro
1046584,987446,2034030,2016,22,Querétaro
1062083,1001065,2063148,2017,22,Querétaro
1077407,1014416,2091823,2018,22,Querétaro
1092549,1027494,2120043,2019,22,Querétaro
1107485,1040279,2147765,2020,22,Querétaro
1122236,1052853,2175089,2021,22,Querétaro
1136822,1065286,2202108,2022,22,Querétaro
1151223,1077527,2228750,2023,22,Querétaro
1165426,1089569,2254995,2024,22,Querétaro
1179417,1101399,2280816,2025,22,Querétaro
1193182,1113007,2306190,2026,22,Querétaro
1206717,1124391,2331108,2027,22,Querétaro
1220017,1135549,2355566,2028,22,Querétaro
1233072,1146474,2379546,2029,22,Querétaro
1245865,1157152,2403016,2030,22,Querétaro
271656,303196,574852,1990,23,Quintana Roo
289282,321289,610571,1991,23,Quintana Roo
306478,338702,645180,1992,23,Quintana Roo
323963,356273,680236,1993,23,Quintana Roo
341764,374024,715788,1994,23,Quintana Roo
359865,391927,751792,1995,23,Quintana Roo
378266,409952,788218,1996,23,Quintana Roo
396962,428122,825084,1997,23,Quintana Roo
415957,446461,862418,1998,23,Quintana Roo
435442,465336,900778,1999,23,Quintana Roo
454817,483995,938812,2000,23,Quintana Roo
474037,502431,976468,2001,23,Quintana Roo
493827,521472,1015299,2002,23,Quintana Roo
513910,540732,1054642,2003,23,Quintana Roo
534303,560484,1094787,2004,23,Quintana Roo
554462,579822,1134284,2005,23,Quintana Roo
575142,599502,1174644,2006,23,Quintana Roo
597260,620934,1218194,2007,23,Quintana Roo
619408,642562,1261970,2008,23,Quintana Roo
641406,664479,1305885,2009,23,Quintana Roo
663827,687118,1350945,2010,23,Quintana Roo
686478,708879,1395357,2011,23,Quintana Roo
709166,730949,1440115,2012,23,Quintana Roo
731944,753017,1484960,2013,23,Quintana Roo
754789,775088,1529877,2014,23,Quintana Roo
777680,797144,1574824,2015,23,Quintana Roo
800592,819171,1619762,2016,23,Quintana Roo
823504,841162,1664667,2017,23,Quintana Roo
846392,863087,1709479,2018,23,Quintana Roo
869231,884913,1754144,2019,23,Quintana Roo
891994,906609,1798603,2020,23,Quintana Roo
914684,928212,1842896,2021,23,Quintana Roo
937318,949767,1887085,2022,23,Quintana Roo
959876,971237,1931113,2023,23,Quintana Roo
982339,992600,1974939,2024,23,Quintana Roo
1004692,1013840,2018532,2025,23,Quintana Roo
1026928,1034946,2061874,2026,23,Quintana Roo
1049049,1055924,2104973,2027,23,Quintana Roo
1071056,1076772,2147828,2028,23,Quintana Roo
1092935,1097475,2190410,2029,23,Quintana Roo
1114676,1118026,2232702,2030,23,Quintana Roo
1087935,1114163,2202098,1990,24,San Luis Potosí
1102625,1125024,2227649,1991,24,San Luis Potosí
1116414,1135463,2251877,1992,24,San Luis Potosí
1129516,1145227,2274743,1993,24,San Luis Potosí
1142272,1154407,2296679,1994,24,San Luis Potosí
1154896,1162628,2317524,1995,24,San Luis Potosí
1167061,1169350,2336411,1996,24,San Luis Potosí
1178442,1174553,2352995,1997,24,San Luis Potosí
1189469,1178209,2367678,1998,24,San Luis Potosí
1198820,1179417,2378237,1999,24,San Luis Potosí
1207456,1182854,2390310,2000,24,San Luis Potosí
1217578,1189626,2407204,2001,24,San Luis Potosí
1229473,1196355,2425828,2002,24,San Luis Potosí
1241972,1203037,2445009,2003,24,San Luis Potosí
1252441,1207994,2460435,2004,24,San Luis Potosí
1263438,1214237,2477675,2005,24,San Luis Potosí
1276746,1223148,2499894,2006,24,San Luis Potosí
1291356,1233739,2525095,2007,24,San Luis Potosí
1307733,1248002,2555735,2008,24,San Luis Potosí
1324592,1264445,2589037,2009,24,San Luis Potosí
1340408,1276051,2616459,2010,24,San Luis Potosí
1355225,1292346,2647570,2011,24,San Luis Potosí
1370074,1305236,2675311,2012,24,San Luis Potosí
1384558,1317587,2702145,2013,24,San Luis Potosí
1398691,1329517,2728208,2014,24,San Luis Potosí
1412473,1341005,2753478,2015,24,San Luis Potosí
1425916,1352079,2777995,2016,24,San Luis Potosí
1439035,1362804,2801839,2017,24,San Luis Potosí
1451833,1373143,2824976,2018,24,San Luis Potosí
1464303,1383047,2847349,2019,24,San Luis Potosí
1476409,1392497,2868906,2020,24,San Luis Potosí
1488217,1401639,2889856,2021,24,San Luis Potosí
1499793,1410606,2910399,2022,24,San Luis Potosí
1511100,1419326,2930426,2023,24,San Luis Potosí
1522134,1427800,2949933,2024,24,San Luis Potosí
1532881,1436017,2968898,2025,24,San Luis Potosí
1543329,1443967,2987296,2026,24,San Luis Potosí
1553472,1451652,3005124,2027,24,San Luis Potosí
1563314,1459077,3022390,2028,24,San Luis Potosí
1572852,1466242,3039094,2029,24,San Luis Potosí
1582034,1473095,3055130,2030,24,San Luis Potosí
1091851,1123376,2215227,1990,25,Sinaloa
1111497,1140251,2251748,1991,25,Sinaloa
1130356,1156386,2286742,1992,25,Sinaloa
1148788,1172086,2320874,1993,25,Sinaloa
1167106,1187467,2354573,1994,25,Sinaloa
1185475,1202438,2387913,1995,25,Sinaloa
1203644,1216621,2420265,1996,25,Sinaloa
1221402,1229910,2451312,1997,25,Sinaloa
1238887,1242362,2481249,1998,25,Sinaloa
1255081,1253037,2508118,1999,25,Sinaloa
1271763,1266196,2537959,2000,25,Sinaloa
1289433,1281745,2571178,2001,25,Sinaloa
1306691,1295815,2602506,2002,25,Sinaloa
1323720,1309423,2633143,2003,25,Sinaloa
1338969,1321156,2660125,2004,25,Sinaloa
1354740,1334418,2689158,2005,25,Sinaloa
1371816,1349844,2721660,2006,25,Sinaloa
1388586,1365168,2753754,2007,25,Sinaloa
1405720,1381378,2787098,2008,25,Sinaloa
1422900,1398008,2820908,2009,25,Sinaloa
1439073,1412261,2851334,2010,25,Sinaloa
1453737,1424788,2878525,2011,25,Sinaloa
1468675,1437075,2905750,2012,25,Sinaloa
1483252,1449061,2932313,2013,25,Sinaloa
1497496,1461195,2958691,2014,25,Sinaloa
1511413,1473159,2984571,2015,25,Sinaloa
1525013,1484939,3009952,2016,25,Sinaloa
1538310,1496632,3034942,2017,25,Sinaloa
1551304,1508018,3059322,2018,25,Sinaloa
1563986,1518907,3082893,2019,25,Sinaloa
1576323,1529381,3105704,2020,25,Sinaloa
1588369,1539554,3127923,2021,25,Sinaloa
1600180,1549532,3149712,2022,25,Sinaloa
1611719,1559253,3170972,2023,25,Sinaloa
1622975,1568711,3191686,2024,25,Sinaloa
1633930,1577889,3211820,2025,25,Sinaloa
1644561,1586772,3231333,2026,25,Sinaloa
1654858,1595352,3250211,2027,25,Sinaloa
1664821,1603633,3268454,2028,25,Sinaloa
1674440,1611612,3286052,2029,25,Sinaloa
1683678,1619253,3302931,2030,25,Sinaloa
908204,950460,1858664,1990,26,Sonora
929957,971753,1901710,1991,26,Sonora
951715,992740,1944455,1992,26,Sonora
973619,1013734,1987353,1993,26,Sonora
995668,1034702,2030370,1994,26,Sonora
1018015,1055726,2073741,1995,26,Sonora
1040608,1076618,2117226,1996,26,Sonora
1063225,1097235,2160460,1997,26,Sonora
1085908,1117649,2203557,1998,26,Sonora
1108983,1138844,2247827,1999,26,Sonora
1130841,1159150,2289991,2000,26,Sonora
1151955,1178547,2330502,2001,26,Sonora
1174301,1199020,2373321,2002,26,Sonora
1196926,1219601,2416527,2003,26,Sonora
1219617,1240685,2460302,2004,26,Sonora
1241295,1260358,2501653,2005,26,Sonora
1262739,1279339,2542078,2006,26,Sonora
1285619,1300441,2586060,2007,26,Sonora
1309230,1322962,2632192,2008,26,Sonora
1333051,1346450,2679501,2009,26,Sonora
1356029,1371003,2727032,2010,26,Sonora
1377821,1389543,2767364,2011,26,Sonora
1399729,1410077,2809806,2012,26,Sonora
1421323,1430139,2851462,2013,26,Sonora
1442621,1449843,2892464,2014,26,Sonora
1463639,1469183,2932821,2015,26,Sonora
1484389,1488191,2972580,2016,26,Sonora
1504885,1506925,3011810,2017,26,Sonora
1525129,1525344,3050473,2018,26,Sonora
1545119,1543405,3088524,2019,26,Sonora
1564798,1561067,3125865,2020,26,Sonora
1584267,1578496,3162763,2021,26,Sonora
1603627,1595852,3199479,2022,26,Sonora
1622810,1613033,3235843,2023,26,Sonora
1641798,1630025,3271824,2024,26,Sonora
1660563,1646802,3307365,2025,26,Sonora
1679070,1663327,3342397,2026,26,Sonora
1697304,1679590,3376893,2027,26,Sonora
1715260,1695585,3410845,2028,26,Sonora
1732924,1711303,3444227,2029,26,Sonora
1750242,1726688,3476930,2030,26,Sonora
816944,820609,1637553,1990,27,Tabasco
837709,837941,1675650,1991,27,Tabasco
857234,854439,1711673,1992,27,Tabasco
876194,870633,1746827,1993,27,Tabasco
894778,886831,1781609,1994,27,Tabasco
913056,902966,1816022,1995,27,Tabasco
930947,918791,1849738,1996,27,Tabasco
948354,934200,1882554,1997,27,Tabasco
965380,949211,1914591,1998,27,Tabasco
982188,963981,1946169,1999,27,Tabasco
998047,977863,1975910,2000,27,Tabasco
1013263,991219,2004482,2001,27,Tabasco
1028789,1004906,2033695,2002,27,Tabasco
1044174,1018526,2062700,2003,27,Tabasco
1059629,1032435,2092064,2004,27,Tabasco
1074590,1045741,2120331,2005,27,Tabasco
1088814,1058277,2147091,2006,27,Tabasco
1103176,1071288,2174464,2007,27,Tabasco
1117633,1084570,2202203,2008,27,Tabasco
1131853,1097814,2229667,2009,27,Tabasco
1146251,1106390,2252641,2010,27,Tabasco
1159556,1123584,2283140,2011,27,Tabasco
1173078,1135993,2309071,2012,27,Tabasco
1186355,1148138,2334493,2013,27,Tabasco
1199381,1160063,2359444,2014,27,Tabasco
1212157,1171743,2383900,2015,27,Tabasco
1224680,1183180,2407860,2016,27,Tabasco
1236946,1194393,2431339,2017,27,Tabasco
1248952,1205343,2454295,2018,27,Tabasco
1260697,1215997,2476694,2019,27,Tabasco
1272181,1226376,2498558,2020,27,Tabasco
1283404,1236490,2519893,2021,27,Tabasco
1294360,1246341,2540700,2022,27,Tabasco
1305043,1255922,2560964,2023,27,Tabasco
1315454,1265237,2580691,2024,27,Tabasco
1325595,1274289,2599884,2025,27,Tabasco
1335457,1283072,2618528,2026,27,Tabasco
1345031,1291580,2636611,2027,27,Tabasco
1354316,1299814,2654130,2028,27,Tabasco
1363309,1307774,2671084,2029,27,Tabasco
1371987,1315439,2687426,2030,27,Tabasco
1123497,1129459,2252956,1990,28,Tamaulipas
1148663,1152198,2300861,1991,28,Tamaulipas
1174692,1175972,2350664,1992,28,Tamaulipas
1201059,1200048,2401107,1993,28,Tamaulipas
1228012,1224633,2452645,1994,28,Tamaulipas
1255970,1249906,2505876,1995,28,Tamaulipas
1284791,1275541,2560332,1996,28,Tamaulipas
1314232,1301296,2615528,1997,28,Tamaulipas
1344453,1327291,2671744,1998,28,Tamaulipas
1375403,1354125,2729528,1999,28,Tamaulipas
1407043,1383617,2790660,2000,28,Tamaulipas
1438320,1413680,2852000,2001,28,Tamaulipas
1469052,1442035,2911087,2002,28,Tamaulipas
1499183,1469398,2968581,2003,28,Tamaulipas
1527427,1495031,3022458,2004,28,Tamaulipas
1554995,1520308,3075303,2005,28,Tamaulipas
1583119,1546267,3129386,2006,28,Tamaulipas
1611636,1572910,3184546,2007,28,Tamaulipas
1639419,1599755,3239174,2008,28,Tamaulipas
1664959,1625239,3290198,2009,28,Tamaulipas
1688062,1646602,3334664,2010,28,Tamaulipas
1709693,1666822,3376515,2011,28,Tamaulipas
1732141,1687197,3419338,2012,28,Tamaulipas
1754225,1707111,3461336,2013,28,Tamaulipas
1775942,1726778,3502721,2014,28,Tamaulipas
1797293,1746073,3543366,2015,28,Tamaulipas
1818287,1765008,3583295,2016,28,Tamaulipas
1838937,1783668,3622605,2017,28,Tamaulipas
1859242,1801920,3661162,2018,28,Tamaulipas
1879195,1819641,3698836,2019,28,Tamaulipas
1898759,1836829,3735589,2020,28,Tamaulipas
1918010,1853677,3771687,2021,28,Tamaulipas
1937027,1870366,3807394,2022,28,Tamaulipas
1955761,1886790,3842552,2023,28,Tamaulipas
1974179,1902913,3877092,2024,28,Tamaulipas
1992248,1918699,3910946,2025,28,Tamaulipas
2009947,1934133,3944080,2026,28,Tamaulipas
2027280,1949219,3976499,2027,28,Tamaulipas
2044239,1963953,4008191,2028,28,Tamaulipas
2060796,1978308,4039104,2029,28,Tamaulipas
2076891,1992224,4069115,2030,28,Tamaulipas
416840,400587,817427,1990,29,Tlaxcala
426908,409853,836761,1991,29,Tlaxcala
436886,419183,856069,1992,29,Tlaxcala
446879,428589,875468,1993,29,Tlaxcala
456925,438102,895027,1994,29,Tlaxcala
467089,447572,914661,1995,29,Tlaxcala
477297,456941,934238,1996,29,Tlaxcala
487504,466220,953724,1997,29,Tlaxcala
497745,475339,973084,1998,29,Tlaxcala
508527,485197,993724,1999,29,Tlaxcala
518062,493674,1011736,2000,29,Tlaxcala
526605,500890,1027495,2001,29,Tlaxcala
536253,509202,1045455,2002,29,Tlaxcala
546051,517542,1063593,2003,29,Tlaxcala
556024,526449,1082473,2004,29,Tlaxcala
564920,533740,1098660,2005,29,Tlaxcala
573267,539877,1113144,2006,29,Tlaxcala
582713,547692,1130405,2007,29,Tlaxcala
592760,556693,1149453,2008,29,Tlaxcala
602750,566096,1168846,2009,29,Tlaxcala
612523,573620,1186143,2010,29,Tlaxcala
622215,584076,1206291,2011,29,Tlaxcala
631828,592809,1224637,2012,29,Tlaxcala
641328,601406,1242734,2013,29,Tlaxcala
650724,609904,1260628,2014,29,Tlaxcala
660015,618293,1278308,2015,29,Tlaxcala
669204,626577,1295781,2016,29,Tlaxcala
678292,634775,1313067,2017,29,Tlaxcala
687279,642864,1330143,2018,29,Tlaxcala
696157,650821,1346978,2019,29,Tlaxcala
704923,658654,1363576,2020,29,Tlaxcala
713580,666375,1379955,2021,29,Tlaxcala
722134,673998,1396131,2022,29,Tlaxcala
730577,681510,1412088,2023,29,Tlaxcala
738905,688910,1427815,2024,29,Tlaxcala
747109,696191,1443300,2025,29,Tlaxcala
755183,703347,1458530,2026,29,Tlaxcala
763122,710376,1473498,2027,29,Tlaxcala
770922,717274,1488197,2028,29,Tlaxcala
778578,724038,1502616,2029,29,Tlaxcala
786066,730645,1516712,2030,29,Tlaxcala
3340466,3275510,6615976,1990,30,Veracruz
3393072,3316419,6709491,1991,30,Veracruz
3440185,3353348,6793533,1992,30,Veracruz
3483906,3387429,6871335,1993,30,Veracruz
3525512,3419589,6945101,1994,30,Veracruz
3565053,3448867,7013920,1995,30,Veracruz
3601571,3474060,7075631,1996,30,Veracruz
3634281,3494504,7128785,1997,30,Veracruz
3663684,3510151,7173835,1998,30,Veracruz
3688486,3520617,7209103,1999,30,Veracruz
3706166,3526490,7232656,2000,30,Veracruz
3723616,3534162,7257778,2001,30,Veracruz
3747124,3546882,7294006,2002,30,Veracruz
3772302,3560947,7333249,2003,30,Veracruz
3796426,3575967,7372393,2004,30,Veracruz
3819615,3590315,7409930,2005,30,Veracruz
3844982,3606494,7451476,2006,30,Veracruz
3875243,3630037,7505280,2007,30,Veracruz
3909814,3661599,7571413,2008,30,Veracruz
3946605,3699678,7646283,2009,30,Veracruz
3983885,3728362,7712247,2010,30,Veracruz
4019124,3772677,7791801,2011,30,Veracruz
4053658,3804946,7858604,2012,30,Veracruz
4087407,3835792,7923198,2013,30,Veracruz
4120438,3865455,7985893,2014,30,Veracruz
4152766,3894062,8046828,2015,30,Veracruz
4184410,3921728,8106138,2016,30,Veracruz
4215395,3948568,8163963,2017,30,Veracruz
4245709,3974613,8220322,2018,30,Veracruz
4275316,3999849,8275165,2019,30,Veracruz
4304152,4024237,8328389,2020,30,Veracruz
4332264,4047913,8380177,2021,30,Veracruz
4359708,4071007,8430715,2022,30,Veracruz
4386434,4093439,8479873,2023,30,Veracruz
4412417,4115193,8527610,2024,30,Veracruz
4437617,4136243,8573860,2025,30,Veracruz
4461996,4156560,8618556,2026,30,Veracruz
4485538,4176143,8661681,2027,30,Veracruz
4508245,4195002,8703247,2028,30,Veracruz
4530107,4213139,8743247,2029,30,Veracruz
4551089,4230531,8781620,2030,30,Veracruz
722242,722481,1444723,1990,31,Yucatán
737615,736423,1474038,1991,31,Yucatán
752724,750163,1502887,1992,31,Yucatán
767573,763678,1531251,1993,31,Yucatán
782330,777143,1559473,1994,31,Yucatán
796958,790495,1587453,1995,31,Yucatán
811370,803613,1614983,1996,31,Yucatán
825565,816477,1642042,1997,31,Yucatán
839593,829087,1668680,1998,31,Yucatán
853700,841901,1695601,1999,31,Yucatán
867148,854155,1721303,2000,31,Yucatán
880141,865936,1746077,2001,31,Yucatán
893603,878130,1771733,2002,31,Yucatán
907081,890242,1797323,2003,31,Yucatán
920591,902595,1823186,2004,31,Yucatán
933727,914360,1848087,2005,31,Yucatán
946821,925752,1872573,2006,31,Yucatán
960547,938086,1898633,2007,31,Yucatán
974718,951143,1925861,2008,31,Yucatán
989117,964712,1953829,2009,31,Yucatán
1003476,977215,1980690,2010,31,Yucatán
1017641,991519,2009160,2011,31,Yucatán
1031903,1004792,2036694,2012,31,Yucatán
1046144,1018007,2064151,2013,31,Yucatán
1060354,1031159,2091513,2014,31,Yucatán
1074518,1044244,2118762,2015,31,Yucatán
1088624,1057254,2145878,2016,31,Yucatán
1102658,1070181,2172839,2017,31,Yucatán
1116603,1083015,2199618,2018,31,Yucatán
1130444,1095744,2226188,2019,31,Yucatán
1144160,1108345,2252505,2020,31,Yucatán
1157757,1120841,2278598,2021,31,Yucatán
1171241,1133257,2304498,2022,31,Yucatán
1184602,1145572,2330174,2023,31,Yucatán
1197836,1157785,2355621,2024,31,Yucatán
1210937,1169891,2380828,2025,31,Yucatán
1223895,1181882,2405777,2026,31,Yucatán
1236711,1193759,2430470,2027,31,Yucatán
1249393,1205531,2454923,2028,31,Yucatán
1261942,1217203,2479145,2029,31,Yucatán
1274358,1228773,2503132,2030,31,Yucatán
681900,727022,1408922,1990,32,Zacatecas
686598,728171,1414769,1991,32,Zacatecas
690615,728658,1419273,1992,32,Zacatecas
694091,728639,1422730,1993,32,Zacatecas
697441,728150,1425591,1994,32,Zacatecas
700926,727026,1427952,1995,32,Zacatecas
704244,724668,1428912,1996,32,Zacatecas
707106,720932,1428038,1997,32,Zacatecas
709863,716080,1425943,1998,32,Zacatecas
710882,708904,1419786,1999,32,Zacatecas
712237,705478,1417715,2000,32,Zacatecas
715655,706257,1421912,2001,32,Zacatecas
720163,706229,1426392,2002,32,Zacatecas
725288,706281,1431569,2003,32,Zacatecas
728352,704283,1432635,2004,32,Zacatecas
732646,704684,1437330,2005,32,Zacatecas
739584,708421,1448005,2006,32,Zacatecas
747118,712789,1459907,2007,32,Zacatecas
756118,720016,1476134,2008,32,Zacatecas
765419,728750,1494169,2009,32,Zacatecas
773636,735384,1509019,2010,32,Zacatecas
780955,741786,1522741,2011,32,Zacatecas
788682,747992,1536674,2012,32,Zacatecas
796227,753952,1550179,2013,32,Zacatecas
803588,759736,1563324,2014,32,Zacatecas
810764,765304,1576068,2015,32,Zacatecas
817754,770664,1588418,2016,32,Zacatecas
824565,775847,1600412,2017,32,Zacatecas
831198,780817,1612014,2018,32,Zacatecas
837651,785535,1623186,2019,32,Zacatecas
843897,789980,1633878,2020,32,Zacatecas
849981,794260,1644241,2021,32,Zacatecas
855950,798478,1654428,2022,32,Zacatecas
861780,802580,1664360,2023,32,Zacatecas
867474,806569,1674043,2024,32,Zacatecas
873025,810441,1683467,2025,32,Zacatecas
878421,814187,1692608,2026,32,Zacatecas
883660,817805,1701465,2027,32,Zacatecas
888746,821301,1710047,2028,32,Zacatecas
893680,824677,1718357,2029,32,Zacatecas
898437,827910,1726347,2030,32,Zacatecas
